01/01/2004,51.02423924,ND,34.3137748,ND,47.21711154,ND,56.911,ND,53.318,ND,63.99,ND,
01/02/2004,51.58418441,0.559945168,34.35378801,0.040013206,48.71410194,1.496990399,58.566,1.655,52.476,-0.842,64.264,0.274,
01/03/2004,49.48421487,-2.099969543,32.20317851,-2.150609495,45.12182068,-3.592281259,54.766,-3.8,52.55,0.074,63.029,-1.235,
01/04/2004,51.90523479,2.421019919,36.6242458,4.421067288,47.37268356,2.250862881,57.655,2.889,54.724,2.174,65.031,2.002,
01/05/2004,52.60435792,0.699123133,40.36793362,3.743687822,47.55868939,0.186005831,56.758,-0.897,54.252,-0.472,63.844,-1.187,
01/06/2004,52.91874003,0.314382113,38.97746388,-1.390469742,48.27349146,0.714802071,56.117,-0.641,54.173,-0.079,65.216,1.372,
01/07/2004,52.78086557,-0.137874462,40.29992719,1.322463308,48.72691541,0.453423944,56.769,0.652,55.309,1.136,63.858,-1.358,
01/08/2004,52.99606154,0.215195968,40.05328843,-0.246638761,49.67175222,0.944836818,55.941,-0.828,54.241,-1.068,63.555,-0.303,
01/09/2004,53.17249906,0.17643752,39.23351929,-0.819769139,50.09953738,0.427785157,57.849,1.908,55.416,1.175,63.844,0.289,
01/10/2004,52.77462496,-0.397874093,40.18707757,0.953558278,48.08251883,-2.017018549,56.012,-1.837,53.123,-2.293,63.781,-0.063,
01/11/2004,53.24962359,0.474998624,41.61005488,1.422977308,50.90770085,2.825182024,55.961,-0.051,55.63,2.507,63.689,-0.092,
01/12/2004,53.03622083,-0.213402755,41.51056367,-0.099491203,50.56315169,-0.34454916,55.854,-0.107,55.405,-0.225,62.074,-1.615,
01/01/2005,53.29456272,0.258341887,40.62331427,-0.887249401,51.53726244,0.974110742,56.425,0.571,55.14,-0.265,63.113,1.039,
01/02/2005,53.83172088,0.537158161,41.35737909,0.734064821,53.16692194,1.629659506,56.287,-0.138,55.008,-0.132,63.427,0.314,
01/03/2005,53.4594551,-0.372265777,41.90304142,0.545662326,51.50017383,-1.666748111,56.212,-0.075,55.342,0.334,62.517,-0.91,
01/04/2005,53.33283182,-0.126623284,43.43904929,1.536007876,51.11468797,-0.385485857,55.027,-1.185,56.338,0.996,62.48,-0.037,
01/05/2005,53.37157706,0.038745243,42.82293309,-0.616116203,51.34931588,0.234627903,55.14,0.113,55.618,-0.72,61.831,-0.649,
01/06/2005,53.08439149,-0.287185575,44.67900983,1.856076741,49.12275564,-2.226560241,52.92,-2.22,54.653,-0.965,62.409,0.578,
01/07/2005,52.83937076,-0.245020725,44.13312123,-0.545888598,51.24010836,2.117352729,53.931,1.011,54.636,-0.017,61.443,-0.966,
01/08/2005,52.64269526,-0.196675507,42.79969256,-1.333428677,51.87096219,0.63085382,52.624,-1.307,54.479,-0.157,60.287,-1.156,
01/09/2005,53.04866965,0.405974395,44.265692,1.465999445,51.7154551,-0.155507084,53.827,1.203,54.111,-0.368,61.805,1.518,
01/10/2005,54.15377503,1.105105383,45.27174112,1.006049123,51.82073183,0.105276729,53.897,0.07,55.023,0.912,62.607,0.802,
01/11/2005,54.00030984,-0.153465192,44.01894002,-1.2528011,53.68114016,1.860408331,54.779,0.882,56.341,1.318,62.801,0.194,
01/12/2005,54.57969068,0.579380838,44.94252912,0.923589099,54.05689288,0.375752719,55.077,0.298,56.338,-0.003,62.497,-0.304,
01/01/2006,55.12352418,0.543833498,41.90040987,-3.042119257,56.13345329,2.076560407,55.252,0.175,57.858,1.52,64.16,1.663,
01/02/2006,54.65098447,-0.472539712,47.69172116,5.791311295,54.42883413,-1.704619155,53.417,-1.835,56.438,-1.42,60.672,-3.488,
01/03/2006,55.32451027,0.673525804,47.06833646,-0.623384698,55.17666333,0.7478292,54.045,0.628,58.619,2.181,61.794,1.122,
01/04/2006,55.33555193,0.011041661,46.28740386,-0.780932599,54.09917164,-1.07749169,56.117,2.072,58.98,0.361,62.576,0.782,
01/05/2006,54.9510539,-0.384498033,48.31002377,2.022619905,53.20100839,-0.898163252,54.825,-1.292,57.434,-1.546,61.399,-1.177,
01/06/2006,55.26569485,0.314640949,46.1995556,-2.110468167,54.22276951,1.021761117,55.194,0.369,57.936,0.502,61.554,0.155,
01/07/2006,56.43692501,1.171230158,46.07767989,-0.121875709,53.81357286,-0.409196651,59.236,4.042,59.259,1.323,65.319,3.765,
01/08/2006,56.16994592,-0.266979085,51.10621233,5.028532437,52.81615242,-0.997420434,58.165,-1.071,55.637,-3.622,62.463,-2.856,
01/09/2006,56.84002371,0.670077793,51.83934233,0.733130003,53.23144456,0.415292141,58.187,0.022,57.372,1.735,63.943,1.48,
01/10/2006,56.02372909,-0.816294622,48.8748826,-2.964459736,53.87369245,0.642247886,57.712,-0.475,56.016,-1.356,62.361,-1.582,
01/11/2006,55.53293952,-0.490789577,49.5788424,0.703959797,52.62906053,-1.244631916,57.863,0.151,56.562,0.546,62.462,0.101,
01/12/2006,57.64655385,2.11361433,49.58492035,0.006077952,55.8472727,3.218212162,61.591,3.728,56.905,0.343,64.129,1.667,
01/01/2007,58.07929304,0.432739199,51.94454041,2.359620064,53.13657105,-2.71070165,60.167,-1.424,57.238,0.333,66.624,2.495,
01/02/2007,58.82702041,0.747727366,52.45940608,0.514865668,53.96477258,0.828201534,61.09,0.923,58.803,1.565,66.165,-0.459,
01/03/2007,58.38643714,-0.440583267,52.71858396,0.25917788,53.42118891,-0.543583674,61.004,-0.086,58.344,-0.459,66.398,0.233,
01/04/2007,58.23336478,-0.153072359,53.25423737,0.535653413,53.97967099,0.558482088,60.979,-0.025,58.396,0.052,65.615,-0.783,
01/05/2007,57.20836048,-1.025004302,50.51346166,-2.74077571,53.56748849,-0.412182505,59.656,-1.323,57.921,-0.475,65.402,-0.213,
01/06/2007,56.95090759,-0.257452892,50.61747357,0.104011913,53.03896074,-0.52852775,59.208,-0.448,56.783,-1.138,64.557,-0.845,
01/07/2007,56.62794042,-0.322967171,51.66752902,1.050055449,53.24870424,0.209743504,59.211,0.003,56.912,0.129,64.155,-0.402,
01/08/2007,57.0570919,0.429151484,51.97763079,0.310101763,53.2064983,-0.042205946,59.169,-0.042,56.857,-0.055,63.876,-0.279,
01/09/2007,56.02885896,-1.028232939,51.59678705,-0.380843735,53.2302083,0.023710003,57.505,-1.664,55.701,-1.156,62.452,-1.424,
01/10/2007,56.21527226,0.186413299,53.03653659,1.439749537,52.90681777,-0.323390529,56.925,-0.58,56.308,0.607,61.405,-1.047,
01/11/2007,56.54054303,0.325270769,56.21964055,3.183103962,51.70412266,-1.202695115,55.759,-1.166,57.213,0.905,62.802,1.397,
01/12/2007,55.866394,-0.674149034,51.49770659,-4.721933958,52.67292236,0.968799702,55.937,0.178,57.006,-0.207,61.86,-0.942,
01/01/2008,56.2519687,0.385574702,49.14593538,-2.351771215,52.54074659,-0.13217577,55.668,-0.269,58.071,1.065,63.343,1.483,
01/02/2008,53.45001134,-2.801957363,45.54018235,-3.60575303,49.18731622,-3.353430369,52.987,-2.681,54.648,-3.423,62.558,-0.785,
01/03/2008,52.87996345,-0.570047888,44.0215371,-1.518645246,48.59135087,-0.595965346,55.057,2.07,54.8,0.152,61.702,-0.856,
01/04/2008,50.30779445,-2.572168997,38.98004553,-5.041491571,46.23436974,-2.356981129,53.407,-1.65,52.462,-2.338,61.033,-0.669,
01/05/2008,50.81605215,0.508257696,40.70608509,1.726039561,47.09588426,0.861514512,52.685,-0.722,53.777,1.315,61.564,0.531,
01/06/2008,49.69377115,-1.122281001,40.67111663,-0.03496846,44.95009435,-2.145789904,52.249,-0.436,52.01,-1.767,59.039,-2.525,
01/07/2008,48.53532127,-1.158449874,38.56420282,-2.106913814,44.04149816,-0.908596189,51.503,-0.746,51.919,-0.091,59.099,0.06,
01/08/2008,49.42858118,0.893259912,38.48739036,-0.076812458,43.79135273,-0.250145431,51.992,0.489,52.663,0.744,60.371,1.272,
01/09/2008,46.84880424,-2.579776949,31.10282276,-7.384567596,42.64497217,-1.146380558,50.991,-1.001,50.034,-2.629,59.645,-0.726,
01/10/2008,39.93234601,-6.916458225,21.90557087,-9.197251895,34.38521352,-8.259758654,44.357,-6.634,45.148,-4.886,53.859,-5.786,
01/11/2008,38.29252717,-1.639818843,17.42069018,-4.484880694,33.08718215,-1.298031373,45.732,1.375,42.164,-2.984,53.634,-0.225,
01/12/2008,35.64729642,-2.645230746,9.683403226,-7.73728695,31.19745331,-1.889728837,43.936,-1.796,39.475,-2.689,53.188,-0.446,
01/01/2009,35.3007375,-0.346558924,11.31874613,1.635342902,30.4148239,-0.782629408,42.779,-1.157,37.42,-2.055,51.353,-1.835,
01/02/2009,34.36219075,-0.938546751,7.722015826,-3.596730302,29.59922045,-0.81560345,43.112,0.333,37.112,-0.308,51.583,0.23,
01/03/2009,35.78460099,1.422410243,14.12663892,6.404623093,29.93634872,0.337128263,44.754,1.642,38.218,1.106,51.573,-0.01,
01/04/2009,38.15551461,2.370913616,17.72071232,3.594073406,31.51072606,1.574377344,49.047,4.293,38.022,-0.196,54.86,3.287,
01/05/2009,37.76084536,-0.394669249,17.89850619,0.177793861,31.22297292,-0.287753142,47.058,-1.989,40.717,2.695,54.072,-0.788,
01/06/2009,39.32298111,1.562135753,21.41906409,3.520557903,32.36421887,1.14124595,48.112,1.054,41.252,0.535,54.934,0.862,
01/07/2009,40.73661719,1.413636082,22.43416254,1.015098455,34.22119046,1.856971595,50.815,2.703,41.463,0.211,57.382,2.448,
01/08/2009,41.71763574,0.98101855,20.80672963,-1.627432912,35.29459258,1.073402114,50.519,-0.296,43.615,2.152,58.562,1.18,
01/09/2009,43.53338315,1.815747408,24.99509818,4.188368545,36.12481497,0.830222391,51.819,1.3,45.112,1.497,59.582,1.02,
01/10/2009,44.64018767,1.106804518,28.35662964,3.361531466,37.74919092,1.624375955,52.428,0.609,45.591,0.479,59.158,-0.424,
01/11/2009,44.82426224,0.184074574,26.40864014,-1.947989501,39.25131379,1.502122865,53.21,0.782,46.014,0.423,59.335,0.177,
01/12/2009,46.87129414,2.047031901,29.14677673,2.738136587,41.9414034,2.690089607,53.91,0.7,47.824,1.81,60.4,1.065,
01/01/2010,46.96394413,0.09264999,26.62990535,-2.516871382,41.94034341,-0.001059982,54.5,0.59,47.632,-0.192,60.704,0.304,
01/02/2010,48.70546146,1.741517329,32.30756954,5.677664191,40.89828059,-1.042062819,56.189,1.689,50.214,2.582,61.548,0.844,
01/03/2010,51.95104395,3.245582482,37.57140541,5.263835872,46.10469104,5.206410445,58.506,2.317,53.452,3.238,63.856,2.308,
01/04/2010,54.47181797,2.520774029,40.79835773,3.226952318,50.64639705,4.541706008,60.318,1.812,56.503,3.051,64.347,0.491,
01/05/2010,55.57239848,1.100580507,44.20714221,3.408784485,52.29400672,1.647609674,60.413,0.095,58.145,1.642,65.266,0.919,
01/06/2010,56.18803447,0.61563599,45.42066302,1.21352081,54.14112106,1.847114341,61.049,0.636,58.087,-0.058,64.411,-0.855,
01/07/2010,56.46557726,0.277542792,46.02619555,0.605532526,54.58998812,0.448867062,60.39,-0.659,59.351,1.264,64.517,0.106,
01/08/2010,56.97561548,0.510038216,47.96664349,1.940447941,55.06176274,0.471774614,59.704,-0.686,58.302,-1.049,63.789,-0.728,
01/09/2010,57.09091105,0.115295571,48.31982026,0.353176775,56.08855129,1.026788556,59.321,-0.383,58.349,0.047,63.093,-0.696,
01/10/2010,57.46558265,0.3746716,49.37686898,1.057048717,56.43009962,0.341548324,59.457,0.136,58.272,-0.077,63.563,0.47,
01/11/2010,57.92159565,0.456012996,50.03784689,0.660977909,57.23415612,0.804056505,59.591,0.134,58.779,0.507,63.529,-0.034,
01/12/2010,58.31419597,0.392600321,50.1807056,0.142858714,56.98275001,-0.251406116,59.766,0.175,59.424,0.645,63.99,0.461,
01/01/2011,58.36749437,0.053298401,50.14319702,-0.037508586,57.10567435,0.122924341,59.171,-0.595,58.879,-0.545,63.612,-0.378,
01/02/2011,58.3456445,-0.021849866,50.32836714,0.185170122,57.55093133,0.445256979,60.172,1.001,57.838,-1.041,63.902,0.29,
01/03/2011,57.4791666,-0.866477906,50.14712331,-0.181243833,56.23549612,-1.315435209,59.239,-0.933,58.152,0.314,63.599,-0.303,
01/04/2011,56.7751159,-0.704050698,49.15415583,-0.992967474,55.38485309,-0.850643034,58.227,-1.012,58.778,0.626,62.971,-0.628,
01/05/2011,56.7521575,-0.022958393,50.59302716,1.438871326,54.70078614,-0.684066942,58.565,0.338,58.751,-0.027,63.39,0.419,
01/06/2011,56.8989139,0.146756392,50.15878777,-0.434239393,54.74834196,0.047555819,58.95,0.385,59.34,0.589,63.598,0.208,
01/07/2011,56.78455049,-0.114363406,51.71055621,1.551768442,54.81082734,0.062485374,58.812,-0.138,58.002,-1.338,62.922,-0.676,
01/08/2011,55.08386052,-1.700689975,47.81145053,-3.899105675,52.80999991,-2.000827426,56.558,-2.254,56.811,-1.191,61.088,-1.834,
01/09/2011,54.95283679,-0.131023722,47.76475104,-0.046699495,52.50736701,-0.302632897,55.657,-0.901,56.769,-0.042,61.511,0.423,
01/10/2011,54.47082749,-0.482009305,47.14237586,-0.622375175,51.95993619,-0.547430828,55.29,-0.367,55.74,-1.029,61.421,-0.09,
01/11/2011,55.10033585,0.629508365,46.45228442,-0.690091442,52.60402672,0.64409053,56.588,1.298,56.645,0.905,62.393,0.972,
01/12/2011,54.45379534,-0.646540514,44.4894007,-1.96288372,52.55321006,-0.050816651,55.825,-0.763,56.228,-0.417,61.956,-0.437,
01/01/2012,55.29364589,0.839850548,47.5566206,3.067219899,52.92843224,0.375222176,56.126,0.301,56.039,-0.189,61.7,-0.256,
01/02/2012,55.84204529,0.548399406,48.35295545,0.796334855,54.31878376,1.390351516,56.085,-0.041,57.022,0.983,62.276,0.576,
01/03/2012,55.09440318,-0.747642114,46.63978541,-1.713170047,53.71117987,-0.607603891,56.318,0.233,57.309,0.287,61.679,-0.597,
01/04/2012,54.52721103,-0.56719215,45.42615389,-1.213631514,52.49769326,-1.213486605,56.54,0.222,57.223,-0.086,61.906,0.227,
01/05/2012,53.54963897,-0.977572064,43.90408107,-1.522072819,51.34243909,-1.15525417,55.865,-0.675,57.081,-0.142,61.453,-0.453,
01/06/2012,53.96309832,0.413459355,43.56743733,-0.336643743,52.15455955,0.812120455,56.554,0.689,58.066,0.985,61.626,0.173,
01/07/2012,53.7880829,-0.175015422,43.19680794,-0.370629396,52.1985598,0.044000255,55.906,-0.648,57.706,-0.36,61.934,0.308,
01/08/2012,54.85516585,1.067082951,44.90276997,1.705962038,53.076318,0.877758202,55.957,0.051,57.692,-0.014,61.99,0.056,
01/09/2012,55.29911888,0.443953031,45.60967079,0.706900814,53.92801701,0.85169901,56.657,0.7,57.214,-0.478,62.25,0.26,
01/10/2012,55.77914821,0.480029332,47.20757573,1.597904946,54.25687574,0.328858726,56.918,0.261,56.844,-0.37,62.465,0.215,
01/11/2012,56.55271335,0.77356514,48.08159612,0.874020385,55.1405638,0.883688058,57.772,0.854,57.617,0.773,63.163,0.698,
01/12/2012,57.03691845,0.484205099,46.57555499,-1.506041132,55.98772634,0.847162543,59.147,1.375,58.352,0.735,63.968,0.805,
01/01/2013,57.54350918,0.50659073,49.4872897,2.911734717,55.97423775,-0.013488595,58.678,-0.469,58.06,-0.292,64.12,0.152,
01/02/2013,57.49861596,-0.044893223,51.4378295,1.950539796,54.90652749,-1.067710257,58.423,-0.255,58.321,0.261,63.926,-0.194,
01/03/2013,57.31113017,-0.187485792,50.57511723,-0.86271227,55.05570903,0.149181537,59.879,1.456,57.58,-0.741,63.955,0.029,
01/04/2013,57.11103758,-0.200092591,51.09669717,0.521579946,54.69381069,-0.361898333,59.17,-0.709,57.826,0.246,64.057,0.102,
01/05/2013,57.05418411,-0.05685347,52.21958156,1.12288439,53.63580695,-1.058003744,59.342,0.172,57.912,0.086,63.592,-0.465,
01/06/2013,55.67393825,-1.380245854,50.05262724,-2.166954328,52.21278047,-1.423026483,57.99,-1.352,56.46,-1.452,63.422,-0.17,
01/07/2013,55.42611561,-0.247822642,50.46544118,0.412813946,51.39435597,-0.818424499,57.485,-0.505,56.027,-0.433,63.321,-0.101,
01/08/2013,55.47223193,0.046116322,49.66382205,-0.801619132,50.63376337,-0.760592593,57.465,-0.02,55.703,-0.324,63.119,-0.202,
01/09/2013,53.11342682,-2.358805108,47.66164845,-2.0021736,48.48883263,-2.144930742,53.235,-4.23,54.411,-1.292,60.732,-2.387,
01/10/2013,51.83144841,-1.281978412,44.24795624,-3.413692214,47.26996195,-1.218870677,52.162,-1.073,54.014,-0.397,60.391,-0.341,
01/11/2013,51.3475252,-0.483923208,43.87406271,-0.373893528,46.79354243,-0.476419527,51.595,-0.567,53.968,-0.046,59.3,-1.091,
01/12/2013,52.42630112,1.078775914,47.19106943,3.317006723,46.95005498,0.15651255,52.29,0.695,54.17,0.202,60.347,1.047,
01/01/2014,51.73638139,-0.689919729,43.8155703,-3.37549913,47.31892312,0.36886814,52.983,0.693,53.48,-0.69,60.201,-0.146,
01/02/2014,52.31339227,0.577010883,45.78178977,1.966219468,47.39785875,0.078935631,53.554,0.571,53.893,0.413,61.002,0.801,
01/03/2014,52.36402553,0.050633257,45.90214466,0.120354896,47.89874346,0.50088471,53.5,-0.054,54.554,0.661,60.744,-0.258,
01/04/2014,52.5831911,0.219165571,45.53481601,-0.367328654,47.7600935,-0.138649954,54.141,0.641,55.121,0.567,61.572,0.828,
01/05/2014,51.89989888,-0.683292221,44.78867758,-0.746138429,47.34832631,-0.411767198,53.805,-0.336,54.155,-0.966,60.597,-0.975,
01/06/2014,51.86546285,-0.034436028,45.49861845,0.709940868,47.50480305,0.156476743,53.099,-0.706,53.996,-0.159,60.559,-0.038,
01/07/2014,52.37155923,0.506096383,47.55303206,2.054413612,47.68929517,0.184492122,54.047,0.948,53.554,-0.442,60.31,-0.249,
01/08/2014,53.37277866,1.001219424,48.53010116,0.977069098,48.86037386,1.171078685,54.351,0.304,54.2,0.646,59.995,-0.315,
01/09/2014,53.27968474,-0.093093918,47.60334094,-0.926760221,49.38484804,0.524474184,54.519,0.168,53.669,-0.531,60.265,0.27,
01/10/2014,53.49332754,0.213642795,47.99826006,0.394919125,49.24524864,-0.139599397,54.036,-0.483,54.629,0.96,60.836,0.571,
01/11/2014,52.71126968,-0.782057856,46.47334809,-1.524911975,47.65587743,-1.589371218,53.383,-0.653,54.329,-0.3,60.19,-0.646,
01/12/2014,51.00144065,-1.709829031,44.13096184,-2.342386252,44.76537162,-2.890505801,51.889,-1.494,53.31,-1.019,59.953,-0.237,
01/01/2015,51.01948142,0.018040776,43.41279329,-0.718168548,45.69858288,0.933211258,52.471,0.582,53.114,-0.196,59.613,-0.34,
01/02/2015,50.1522141,-0.867267322,41.15898807,-2.253805221,45.4385111,-0.260071786,51.736,-0.735,53.075,-0.039,59.604,-0.009,
01/03/2015,49.41439458,-0.73781952,41.36434088,0.20535281,44.17506901,-1.263442083,50.431,-1.305,53.342,0.267,58.942,-0.662,
01/04/2015,49.18286273,-0.231531856,39.66561116,-1.698729715,44.38390762,0.208838606,50.453,0.022,53.689,0.347,58.829,-0.113,
01/05/2015,49.70922726,0.526364536,39.77414461,0.108533448,45.19702973,0.813122108,51.206,0.753,54.195,0.506,58.961,0.132,
01/06/2015,49.67999939,-0.02922787,40.06309226,0.288947645,45.88691447,0.689884743,51.193,-0.013,53.785,-0.41,58.358,-0.603,
01/07/2015,49.28486734,-0.395132057,38.81303468,-1.250057577,44.55801279,-1.328901678,50.83,-0.363,54.232,0.447,59.241,0.883,
01/08/2015,48.59469834,-0.690168998,37.63428864,-1.178746044,42.33799517,-2.220017621,49.08,-1.75,54.293,0.061,58.63,-0.611,
01/09/2015,48.50562517,-0.089073169,37.04120923,-0.593079404,42.94110561,0.603110444,48.686,-0.394,54.187,-0.106,59.009,0.379,
01/10/2015,50.21964747,1.714022298,39.4039119,2.362702665,45.55425412,2.61314851,51.37,2.684,54.75,0.563,59.732,0.723,
01/11/2015,51.06320042,0.843552953,39.58573105,0.181819153,46.80915262,1.254898495,51.873,0.503,54.848,0.098,60.43,0.698,
01/12/2015,50.76799037,-0.295210052,39.1207093,-0.465021748,47.24791678,0.438764157,51.922,0.049,55.001,0.153,59.586,-0.844,
01/01/2016,49.08102906,-1.686961312,38.86242174,-0.25828756,44.53725275,-2.71066403,49.294,-2.628,53.663,-1.338,58.467,-1.119,
01/02/2016,47.93728445,-1.143744607,37.30214105,-1.560280691,42.69791745,-1.839335297,48.473,-0.821,53.439,-0.224,58.092,-0.375,
01/03/2016,47.94134576,0.004061307,37.37349735,0.071356301,43.52144482,0.823527366,49.172,0.699,53.344,-0.095,57.791,-0.301,
01/04/2016,49.55001959,1.608673835,38.43762128,1.064123929,44.7196363,1.198191481,51.121,1.949,54.42,1.076,59.765,1.974,
01/05/2016,49.8563918,0.306372212,39.3127104,0.875089117,45.6677475,0.948111199,51.415,0.294,54.162,-0.258,59.21,-0.555,
01/06/2016,49.76908272,-0.087309088,39.67154502,0.358834617,45.06780525,-0.599942241,51.057,-0.358,54.518,0.356,58.996,-0.214,
01/07/2016,49.0911598,-0.677922912,38.38969848,-1.281846531,44.29132289,-0.776482366,50.806,-0.251,54.435,-0.083,59.062,0.066,
01/08/2016,49.26164541,0.170485605,37.91444469,-0.47525379,43.89808113,-0.393241761,50.132,-0.674,54.296,-0.139,58.759,-0.303,
01/09/2016,48.92919114,-0.332454264,38.99317776,1.078733063,43.5057677,-0.392313424,49.295,-0.837,53.728,-0.568,58.851,0.092,
01/10/2016,48.3633079,-0.565883241,37.9878886,-1.005289162,43.16816921,-0.337598498,48.763,-0.532,53.57,-0.158,58.359,-0.492,
01/11/2016,47.97638907,-0.386918837,38.33041317,0.342524578,42.54828861,-0.619880591,46.465,-2.298,53.369,-0.201,57.409,-0.95,
01/12/2016,47.84336568,-0.133023383,38.29479018,-0.03562299,42.39257217,-0.155716447,46.618,0.153,53.216,-0.153,57.793,0.384,
01/01/2017,43.69467016,-4.148695523,35.87714416,-2.417646024,36.46178731,-5.930784853,41.334,-5.284,50.009,-3.207,54.31,-3.483,
01/02/2017,43.3343616,-0.360308561,33.45723017,-2.41991399,36.94276058,0.480973263,43.083,1.749,49.302,-0.707,54.206,-0.104,
01/03/2017,46.3362436,3.001882,35.79750869,2.340278518,41.2022763,4.259515726,47.312,4.229,52.447,3.145,56.673,2.467,
01/04/2017,47.46711924,1.130875638,37.04567631,1.248167618,42.4996047,1.297328397,48.015,0.703,52.453,0.006,57.716,1.043,
01/05/2017,48.43731256,0.970193318,38.48221439,1.436538085,43.77849266,1.278887962,49.012,0.997,52.942,0.489,58.054,0.338,
01/06/2017,49.28453254,0.847219988,40.12290819,1.640693798,44.69015883,0.911666169,50.077,1.065,52.993,0.051,58.553,0.499,
01/07/2017,50.02493928,0.74040673,42.80992139,2.687013204,46.18139484,1.491236009,50.735,0.658,53.3,0.307,58.861,0.308,
01/08/2017,50.25587078,0.230931502,43.37480679,0.564885394,45.56993088,-0.61146396,49.758,-0.977,52.635,-0.665,58.336,-0.525,
01/09/2017,50.05290389,-0.202966892,44.60442081,1.229614024,44.81583362,-0.75409726,49.407,-0.351,53.341,0.706,58.29,-0.046,
01/10/2017,49.63787287,-0.415031018,42.80021005,-1.804210761,45.03299703,0.217163411,49.814,0.407,52.74,-0.601,58.057,-0.233,
01/11/2017,50.06594383,0.42807096,40.61819566,-2.18201439,45.78896986,0.755972829,50.831,1.017,52.837,0.097,58.598,0.541,
01/12/2017,49.94415591,-0.121787916,41.8653352,1.247139545,45.93960501,0.150635149,49.503,-1.328,53.371,0.534,58.157,-0.441,
01/01/2018,49.95303089,0.008874983,43.29325265,1.427917447,44.94428913,-0.995315883,49.507,0.004,53.328,-0.043,58.632,0.475,
01/02/2018,50.27596067,0.322929781,44.62842309,1.335170434,44.93740024,-0.006888883,49.766,0.259,53.47,0.142,58.913,0.281,
01/03/2018,51.1315083,0.855547621,47.17708294,2.548659857,45.70789031,0.770490072,51.003,1.237,54.591,1.121,58.79,-0.123,
01/04/2018,51.29547501,0.163966719,45.75423338,-1.422849564,47.08016326,1.372272943,51.025,0.022,54.017,-0.574,58.703,-0.087,
01/05/2018,50.54311823,-0.752356786,44.10526173,-1.648971649,45.25044307,-1.829720192,50.949,-0.076,53.699,-0.318,58.582,-0.121,
01/06/2018,49.37062964,-1.172488586,40.38744689,-3.71781484,44.53036701,-0.720076053,50.41,-0.539,53.37,-0.329,57.797,-0.785,
01/07/2018,52.12540124,2.754771595,45.3607988,4.973351908,47.37015416,2.839787151,54.833,4.423,54.856,1.486,60.042,2.245,
01/08/2018,53.37492899,1.249527749,46.70030435,1.339505556,48.30373507,0.933580905,55.228,0.395,54.067,-0.789,60.692,0.65,
01/09/2018,52.06115113,-1.313777855,44.73754867,-1.962755677,48.14279499,-0.160940079,54.017,-1.211,54.322,0.255,59.554,-1.138,
01/10/2018,51.59171206,-0.469439072,44.44823317,-0.289315501,47.49963079,-0.643164202,53.303,-0.714,53.859,-0.463,59.121,-0.433,
01/11/2018,50.93531038,-0.656401683,44.07749335,-0.370739825,46.77173995,-0.727890835,51.378,-1.925,53.002,-0.857,58.176,-0.945,
01/12/2018,50.41998435,-0.515326028,41.73647097,-2.341022382,46.46351304,-0.308226913,52.38,1.002,52.619,-0.383,58.321,0.145,
01/01/2019,52.26677828,1.846793934,46.49210278,4.755631811,48.59312256,2.129609522,53.631,1.251,53.768,1.149,59.103,0.782,
01/02/2019,52.790562,0.523783713,47.63378844,1.14168566,49.25762997,0.664507404,53.559,-0.072,54.29,0.522,59.627,0.524,
01/03/2019,52.78405431,-0.006507691,47.23740193,-0.396386509,48.97045523,-0.287174734,54.572,1.013,54.417,0.127,59.886,0.259,
01/04/2019,52.4763814,-0.30767291,48.05273997,0.815338043,48.45793084,-0.512524393,53.153,-1.419,53.68,-0.737,59.103,-0.783,
01/05/2019,52.71126073,0.234879332,48.93651712,0.883777149,48.07621639,-0.381714445,52.998,-0.155,54.152,0.472,59.006,-0.097,
01/06/2019,51.12736049,-1.583900239,44.75705513,-4.179461996,47.33494541,-0.741270982,52.088,-0.91,53.007,-1.145,57.832,-1.174,
01/07/2019,49.79814011,-1.329220377,43.03655749,-1.720497633,46.24910026,-1.085845149,50.586,-1.502,53.016,0.009,57.714,-0.118,
01/08/2019,50.48555788,0.687417765,42.60380972,-0.432747771,46.77703192,0.527931659,51.181,0.595,52.349,-0.667,57.52,-0.194,
01/09/2019,50.30065323,-0.184904647,42.19758658,-0.40622314,46.23781394,-0.539217983,51.987,0.806,53.341,0.992,58.324,0.804,
01/10/2019,49.68435922,-0.616294008,40.85072073,-1.346865852,45.91289098,-0.324922954,51.522,-0.465,52.661,-0.68,57.806,-0.518,
01/11/2019,49.25285582,-0.431503403,40.06275549,-0.787965238,45.31133998,-0.601551002,50.555,-0.967,52.36,-0.301,57.176,-0.63,
01/12/2019,48.56379288,-0.689062937,39.47459035,-0.588165141,45.25840199,-0.052937995,50.238,-0.317,51.079,-1.281,56.43,-0.746,
01/01/2020,47.71018523,-0.853607651,38.81520082,-0.659389532,44.23892693,-1.019475058,49.91,-0.328,50.747,-0.332,55.456,-0.974,
01/02/2020,47.15525282,-0.554932412,37.56712178,-1.248079037,43.93324408,-0.305682848,49.185,-0.725,49.909,-0.838,55.736,0.28,
01/03/2020,44.14321439,-3.012038431,31.87558857,-5.691533209,39.88271387,-4.050530212,46.562,-2.623,49.274,-0.635,53.61,-2.126,
01/04/2020,36.82493322,-7.318281171,18.72780053,-13.14778805,30.94156096,-8.941152913,42.662,-3.9,40.798,-8.476,51,-2.61,
01/05/2020,34.99259656,-1.832336655,16.8866671,-1.841133423,27.61772985,-3.323831109,42.33,-0.332,37.009,-3.789,50.728,-0.272,
01/06/2020,37.79138658,2.79879002,19.09191728,2.205250173,28.8971214,1.279391557,47.124,4.794,37.627,0.618,55.505,4.777,
01/07/2020,39.11437808,1.322991496,21.886993,2.795075727,30.4872271,1.590105701,48.683,1.559,39.825,2.198,55.929,0.424,
01/08/2020,39.48240155,0.368023473,22.62814732,0.741154314,30.12520581,-0.362021291,48.101,-0.582,38.923,-0.902,55.621,-0.308,
01/09/2020,41.00979071,1.527389158,24.67526872,2.047121402,32.55569506,2.430489246,50.131,2.03,41.428,2.505,56.735,1.114,
01/10/2020,41.83315631,0.823365597,25.47252298,0.797254259,33.09302738,0.53733232,50.389,0.258,43.006,1.578,57.562,0.827,
01/11/2020,42.34905153,0.515895224,26.84052666,1.36800368,33.73392438,0.640897,50.146,-0.243,43.116,0.11,57.664,0.102,
01/12/2020,43.1032584,0.754206873,27.11242728,0.271900621,34.38683872,0.652914336,51.455,1.309,44.408,1.292,58.161,0.497,
01/01/2021,43.74652867,0.643270269,26.6368561,-0.475571176,36.01484968,1.628010969,52.837,1.382,45.28,0.872,58.672,0.511,
01/02/2021,44.51187921,0.765350536,27.55703185,0.920175749,37.1308955,1.116045815,53.835,0.998,45.72,0.44,59.028,0.356,
01/03/2021,45.72734825,1.215469046,29.09328121,1.536249361,39.86403241,2.733136913,53.637,-0.198,47.192,1.472,58.749,-0.279,
01/04/2021,48.44030921,2.712960956,32.42217219,3.32889098,44.05116067,4.187128256,54.008,0.371,51.762,4.57,59.962,1.213,
01/05/2021,50.05656242,1.616253212,35.22912094,2.806948751,46.76598821,2.714827541,54.807,0.799,52.927,1.165,60.149,0.187,
01/06/2021,51.74243613,1.68587371,37.6617191,2.432598155,49.86604513,3.100056922,55.842,1.035,54.141,1.214,60.497,0.348,
01/07/2021,51.79693994,0.054503806,38.95621172,1.294492617,49.96399767,0.097952538,55.835,-0.007,54.085,-0.056,60.95,0.453,
01/08/2021,51.53078455,-0.26615539,37.39004937,-1.566162345,49.46763168,-0.49636599,55.256,-0.579,53.627,-0.458,60.058,-0.892,
01/09/2021,51.45473472,-0.076049825,37.08050257,-0.309546802,50.58570787,1.118076189,55.794,0.538,54.036,0.409,60.134,0.076,
01/10/2021,51.97404121,0.519306489,39.41287506,2.332372487,50.45392991,-0.131777957,55.994,0.2,54.185,0.149,60.233,0.099,
01/11/2021,52.67135817,0.697316961,39.40019692,-0.012678132,51.39348536,0.939555444,57.126,1.132,54.661,0.476,60.848,0.615,
01/12/2021,52.50742564,-0.163932538,39.83450284,0.434305917,50.81708903,-0.576396323,56.489,-0.637,55.095,0.434,60.537,-0.311,
